,symbol,ltp,percent_change,open,high,low,quantity
0,ACLBSL,943.0,-0.74,969.0,943.0,968.0,3235
1,ADBL,298.0,-0.33,304.8,296.2,302.0,10054
2,ADBLD83,1050.7,-0.03,1050.8,1050.7,1050.8,105
3,AHL,552.0,-1.94,566.0,552.0,563.0,5921
4,AHPC,264.0,-0.79,270.0,264.0,267.0,90441
5,AKJCL,322.0,-1.5,333.0,320.4,320.4,1258177
6,AKPL,265.0,-1.12,271.9,265.0,265.1,428824
7,ALBSL,1135.0,1.61,1140.0,1087.0,1111.0,27933
8,ALICL,477.0,-0.42,482.7,474.3,475.0,26671
9,ANLB,6001.0,-0.15,6005.0,5940.1,5940.1,72
10,API,296.5,-0.5,300.0,292.1,300.0,124815
11,AVYAN,941.0,-1.88,960.0,940.0,959.0,5569
12,BANDIPUR,1140.0,0.0,1190.0,1125.0,1162.0,212693
13,BARUN,378.0,4.13,383.5,355.8,355.8,601627
14,BBC,4859.0,-0.49,4900.0,4786.4,4900.0,655
15,BEDC,535.0,-0.94,549.0,530.0,545.0,14287
16,BFC,479.0,-1.24,493.0,477.0,493.0,28039
17,BGWT,766.2,-1.64,791.0,763.0,766.0,5283
18,BHCL,623.0,-2.35,650.7,618.0,650.7,106055
19,BHDC,478.0,-0.62,489.0,471.5,471.5,56115
20,BHL,196.5,-3.2,205.0,196.2,205.0,329580
21,BHPL,568.9,-0.05,593.6,557.9,557.9,35873
22,BNHC,563.0,2.18,579.0,541.1,552.0,62141
23,BNL,15500.0,-1.9,15600.2,15282.2,15594.0,260
24,BNT,11810.0,0.28,11925.0,11810.0,11925.0,35
25,BOKD86KA,1167.0,-1.93,1167.0,1167.0,1167.0,100
26,BPCL,739.0,-0.67,753.0,729.3,729.3,85262
27,BUNGAL,720.0,-2.7,750.0,710.6,749.9,35538
28,C30MF,9.77,-1.81,9.78,9.76,9.76,2250
29,CBBL,933.0,-0.21,935.0,925.1,935.0,11195
30,CFCL,555.0,0.34,570.0,551.5,564.1,28552
31,CGH,891.0,2.65,902.0,864.0,885.0,45386
32,CHCL,469.0,-0.64,474.9,468.1,474.0,29136
33,CHDC,2347.0,-1.96,2401.1,2331.0,2400.0,22496
34,CHL,277.0,-0.72,284.0,276.0,280.0,62358
35,CIT,1758.0,-0.4,1785.0,1756.0,1775.0,5468
36,CITY,500.0,4.17,519.0,479.0,480.0,46879
37,CKHL,725.5,-2.49,757.0,702.1,729.9,14490
38,CLI,465.2,-0.7,473.0,465.0,469.2,27227
39,CMF2,10.16,1.91,10.16,9.79,9.79,7036
40,CORBL,1799.0,-2.02,1860.0,1765.0,1800.1,5624
41,CREST,1474.0,-0.54,1499.0,1427.0,1475.0,34876
42,CYCL,1580.0,1.15,1624.0,1530.8,1530.8,6654
43,CZBIL,195.2,-2.16,203.4,195.0,199.0,87511
44,DDBL,826.2,-1.99,841.5,826.2,840.0,13010
45,DHEL,789.0,-3.31,877.0,784.0,820.0,210982
46,DHPL,301.0,-0.66,308.9,300.5,305.0,9018
47,DLBS,1364.9,-0.23,1364.9,1330.0,1342.0,554
48,DOLTI,519.5,-1.42,529.3,519.0,519.0,7646
49,DORDI,280.0,-0.67,287.3,275.1,285.0,145007
50,EBL,665.2,-0.45,670.0,665.0,666.0,52815
51,EBLD91,1075.0,-0.56,1085.0,1075.0,1081.0,190
52,EDBL,601.0,0.13,611.8,600.0,601.0,23563
53,EHPL,429.0,-0.23,443.0,426.8,426.8,92241
54,ENL,924.0,0.98,933.0,910.0,910.1,549
55,FMDBL,800.0,-0.25,814.9,786.0,786.0,16305
56,FOWAD,1071.0,-1.56,1095.0,1012.4,1095.0,25879
57,GBBD85,1085.0,0.46,1085.0,1085.0,1085.0,50
58,GBBL,397.8,-0.05,402.9,397.8,398.0,23161
59,GBILD84/85,1165.0,0.43,1183.0,1165.0,1183.0,70
60,GBIME,226.1,-0.75,228.0,224.0,226.1,59078
61,GBIMESY2,9.04,-1.2,9.17,9.03,9.1,2800
62,GBLBS,774.8,0.49,780.0,767.1,767.1,4631
63,GCIL,418.5,-0.64,422.0,415.1,418.0,21722
64,GFCL,661.8,-1.52,672.5,656.0,662.5,27408
65,GHL,227.1,-2.32,236.0,225.5,232.2,163756
66,GIBF1,10.72,-1.29,10.8,10.66,10.66,23700
67,GILB,1165.0,-2.39,1193.5,1155.3,1190.0,394
68,GLBSL,2019.6,-0.51,2030.1,1951.2,2030.1,1443
69,GLH,259.2,-2.56,268.5,259.2,265.0,50162
70,GMFBS,1479.9,-0.81,1495.0,1467.0,1495.0,1823
71,GMFIL,470.0,-2.06,487.0,470.0,487.0,8978
72,GMLI,1780.0,-0.67,1800.0,1760.0,1760.0,2840
73,GRDBL,1163.9,-1.72,1190.0,1149.1,1184.0,32445
74,GSY,9.59,0.95,9.59,9.32,9.32,24370
75,GUFL,567.5,-2.49,589.5,567.5,589.4,23751
76,GVL,496.0,-0.4,503.0,490.3,499.0,79175
77,H8020,11.57,-0.26,11.8,11.57,11.8,20441
78,HATHY,914.0,-0.65,924.9,902.1,902.1,9530
79,HBL,189.0,0.11,190.0,187.0,187.0,44736
80,HDHPC,197.0,-3.57,209.4,196.0,204.3,566265
81,HDL,1139.0,-0.78,1154.0,1135.2,1148.0,81053
82,HEI,511.0,-0.39,515.0,502.0,513.0,8760
83,HEIP,304.5,-2.0,312.1,304.5,312.1,3000
84,HHL,338.0,1.5,344.6,330.0,339.0,84344
85,HIDCL,261.9,-0.38,266.3,260.2,263.1,139891
86,HIDCLP,189.0,-1.56,193.8,188.2,191.2,189406
87,HIMSTAR,1068.0,-0.95,1143.0,1041.0,1056.7,32280
88,HLBSL,923.9,0.64,923.9,905.0,905.0,2111
89,HLI,365.1,-0.52,369.8,365.0,368.0,38681
90,HLICF,10.28,9.95,10.28,9.17,9.17,104600
91,HPPL,472.0,0.38,477.0,471.0,472.1,81527
92,HRL,846.0,-0.02,863.1,845.0,863.1,156814
93,HURJA,244.7,-4.04,260.1,244.7,260.1,145944
94,ICFC,655.0,-0.76,672.0,653.0,671.0,16290
95,ICFCD88,1120.0,-0.44,1125.0,1120.0,1125.0,50
96,IGI,429.0,-0.23,435.0,426.7,435.0,6909
97,IHL,558.8,0.4,564.8,545.5,545.5,9506
98,ILBS,992.8,1.83,994.0,976.0,976.0,836
99,ILI,441.0,-0.27,445.0,440.6,442.2,13390
100,JBBD87,1113.0,0.72,1113.0,1113.0,1113.0,50
101,JBBL,333.6,-1.18,344.3,333.0,344.3,54476
102,JBLB,1310.0,-0.98,1340.0,1310.0,1335.0,6912
103,JFL,436.4,-0.82,448.0,425.0,448.0,17882
104,JHAPA,1465.0,-3.24,1544.2,1450.4,1520.0,9305
105,JOSHI,299.9,1.32,312.0,296.0,300.6,67472
106,JSLBB,1184.0,0.34,1184.0,1164.1,1179.5,777
107,KBL,185.0,-0.91,189.0,184.2,188.0,184817
108,KBSH,1698.0,1.8,1701.3,1655.0,1655.0,576
109,KDBY,10.19,0.1,10.19,10.06,10.18,143600
110,KDL,891.0,10.0,891.0,807.0,810.0,25025
111,KEF,9.69,0.94,9.69,9.41,9.41,4670
112,KKHC,230.0,-1.67,236.7,228.5,233.0,73834
113,KMCDB,945.0,0.43,953.9,925.0,953.7,4150
114,KPCL,540.0,-0.39,549.0,540.0,542.1,41676
115,KSBBL,456.5,-0.54,464.0,455.0,462.0,36798
116,KSY,9.49,-1.15,9.5,8.83,9.5,50800
117,LBBL,474.0,-2.47,490.0,474.0,490.0,96035
118,LEC,208.6,-1.88,216.8,207.0,216.8,228750
119,LICN,846.1,-0.34,855.0,846.1,855.0,10295
120,LSL,209.0,-1.55,213.2,208.6,210.5,40427
121,LUK,9.68,-0.72,9.79,9.6,9.6,1230
122,LVF2,9.5,0.0,9.69,9.43,9.69,2300
123,MABEL,819.0,-3.08,860.0,815.0,859.1,27151
124,MAKAR,555.0,-0.89,569.0,539.9,569.0,25498
125,MANDU,817.9,0.96,840.0,810.1,810.1,3515
126,MATRI,977.9,-0.01,980.0,970.0,978.0,1123
127,MBJC,284.7,-1.15,289.0,282.1,288.0,46568
128,MBL,226.9,-0.92,230.0,224.5,230.0,65718
129,MBLEF,10.02,-0.3,10.2,9.99,10.01,92700
130,MCHL,432.0,0.21,439.0,426.9,431.0,6369
131,MDB,640.0,-1.54,656.0,635.0,645.6,27814
132,MEHL,444.8,-0.27,451.8,440.1,440.2,16834
133,MEL,278.9,-0.36,282.0,272.0,274.6,22412
134,MEN,582.0,-0.51,589.9,581.5,585.0,28332
135,MERO,741.0,-0.27,757.0,740.0,757.0,8282
136,MFIL,782.1,-1.0,799.0,774.2,774.2,180814
137,MHCL,389.0,-0.97,395.9,388.7,390.0,12513
138,MHL,510.0,0.0,519.9,500.0,507.1,33083
139,MHNL,268.0,-1.69,278.0,263.2,277.9,36163
140,MKCL,1397.0,-0.99,1428.0,1395.1,1395.1,3228
141,MKHC,344.0,-2.55,358.9,340.0,355.0,28394
142,MKHL,842.5,0.31,873.1,808.0,823.9,9075
143,MKJC,554.0,2.86,565.0,535.0,549.0,141773
144,MLBBL,1366.0,-2.39,1400.0,1366.0,1400.0,4518
145,MLBL,369.0,0.14,373.0,366.6,368.5,24689
146,MLBS,1469.0,0.14,1499.4,1449.5,1479.0,4025
147,MLBSL,1922.9,1.74,1926.9,1885.5,1896.0,998
148,MMF1,9.68,5.79,9.68,8.8,9.33,345512
149,MMKJL,598.0,-0.33,600.1,588.2,600.1,12654
150,MNBBL,362.3,-0.69,368.0,361.6,365.9,50652
151,MNMF1,9.45,-0.11,9.47,9.28,9.28,24420
152,MPFL,640.0,0.47,648.0,625.0,625.0,35117
153,MSHL,821.1,-0.35,827.0,805.0,820.1,2398
154,MSLB,1324.0,-2.03,1325.0,1312.1,1324.6,817
155,NABBC,1769.0,4.12,1834.0,1568.0,1665.1,128700
156,NABIL,498.0,-0.16,500.0,496.0,500.0,78804
157,NABILD2089,1052.8,-0.33,1052.8,1052.8,1052.8,100
158,NADEP,809.0,-1.46,812.0,801.1,812.0,645
159,NBF2,9.62,-1.33,9.75,9.56,9.7,9796
160,NBF3,9.55,0.95,9.64,9.28,9.46,26905
161,NBL,243.8,-0.89,248.0,241.1,241.1,70856
162,NESDO,1516.0,-0.59,1549.0,1494.5,1548.9,645
163,NFS,644.9,-0.46,652.1,635.0,640.0,25976
164,NGPL,417.0,-1.18,433.5,413.6,413.6,415126
165,NHDL,660.1,-0.29,669.0,660.0,662.2,5215
166,NHPC,205.7,-2.7,216.0,205.0,215.6,257839
167,NIBLGF,9.12,-1.94,9.3,9.12,9.12,3950
168,NIBLSTF,9.23,1.88,9.41,8.88,8.88,174697
169,NIBSF2,9.54,3.92,9.54,9.02,9.36,68214
170,NICA,328.0,-1.8,337.8,321.5,337.0,106817
171,NICAD2091,1040.0,-1.89,1040.0,1040.0,1040.0,25
172,NICBF,9.61,-3.32,10.93,9.61,9.8,34757
173,NICFC,9.1,-0.11,9.1,8.97,8.97,2000
174,NICGF2,9.3,0.43,9.46,9.16,9.16,49320
175,NICL,505.0,-0.61,515.0,504.1,515.0,16740
176,NICLBSL,569.0,-0.49,580.0,568.1,579.0,11987
177,NICSF,9.0,-1.96,9.01,8.95,9.0,900
178,NIFRA,261.8,-0.65,264.1,261.0,264.0,112892
179,NIL,649.1,-0.22,662.8,649.0,658.0,17410
180,NIMB,193.0,0.26,193.8,191.1,191.4,93989
181,NIMBD90,1231.0,0.0,1231.0,1231.0,1231.0,25
182,NIMBPO,157.0,2.61,157.0,154.0,154.0,1500
183,NLG,673.8,0.42,678.8,670.0,678.0,11695
184,NLIC,763.0,-0.03,775.0,763.0,770.0,26908
185,NLICL,584.4,-0.36,589.0,584.0,586.5,21128
186,NMB,235.9,-0.88,240.0,235.9,237.5,39727
187,NMB50,10.4,-0.38,10.61,10.4,10.61,5920
188,NMBD87/88,1080.1,-0.45,1080.1,1080.1,1080.1,25
189,NMBHF2,9.41,-0.95,9.69,9.31,9.31,5979
190,NMBMF,675.2,-0.91,683.8,675.2,681.4,4091
191,NMFBS,1106.8,-0.02,1125.0,1106.8,1125.0,6700
192,NMIC,1335.0,0.07,1368.0,1314.0,1314.0,34465
193,NMLBBL,634.5,-0.86,644.9,631.0,644.9,5502
194,NRIC,1250.0,-0.87,1280.0,1235.9,1235.9,75855
195,NRM,431.0,-0.92,440.0,427.0,435.0,38839
196,NRN,1540.0,0.06,1558.0,1520.0,1557.0,37989
197,NSIF2,10.6,-0.93,10.6,10.52,10.52,4000
198,NTC,850.9,0.11,860.0,847.0,851.0,9721
199,NUBL,712.1,-0.54,721.0,708.0,708.0,5509
200,NWCL,925.0,-3.24,974.0,921.2,974.0,7895
201,NYADI,400.0,-0.99,405.0,399.0,405.0,11422
202,OHL,730.0,3.11,745.0,705.2,707.0,22724
203,OMPL,1409.9,-2.16,1465.0,1400.0,1440.0,23758
204,PBD88,1192.6,-1.36,1200.0,1192.6,1200.0,75
205,PBLD84,1102.5,-2.0,1102.5,1102.5,1102.5,10
206,PBLD86,1162.0,0.0,1162.0,1162.0,1162.0,45
207,PCBL,235.8,-0.51,239.8,235.8,239.8,37331
208,PFL,382.0,-0.78,390.0,380.1,390.0,14580
209,PHCL,286.0,-1.31,292.0,283.0,284.1,136777
210,PMHPL,352.9,5.15,360.0,335.7,335.7,210454
211,PMLI,508.0,-1.36,524.8,506.0,515.0,12419
212,PPCL,374.6,-0.64,380.0,372.0,378.0,63414
213,PPL,402.0,0.75,412.0,394.0,406.9,621408
214,PRIN,711.0,-1.39,729.4,709.0,729.4,8799
215,PROFL,462.8,-0.9,477.0,462.8,472.7,20386
216,PRSF,11.2,0.27,11.23,11.13,11.2,60400
217,PRVU,183.7,-1.02,187.0,183.5,185.0,121030
218,PSF,10.92,-3.7,11.12,10.9,11.12,1940
219,PURE,1081.0,-4.59,1155.0,1077.0,1133.0,28293
220,RADHI,836.0,-0.95,854.0,827.2,827.2,246150
221,RAWA,799.0,4.87,799.0,732.1,746.7,7873
222,RBBD2088,1049.0,-0.57,1049.0,1049.0,1049.0,25
223,RBBD83,1035.0,0.78,1035.0,1035.0,1035.0,75
224,RBBF40,9.38,0.64,9.5,9.14,9.5,4749
225,RBCL,14861.0,-0.93,15149.0,14810.0,14811.0,450
226,RBCLPO,11790.0,-1.75,11790.0,11530.0,11764.0,185
227,RFPL,424.0,-0.07,441.2,415.9,415.9,198275
228,RHGCL,282.9,-1.39,291.3,274.5,281.2,171914
229,RHPL,277.1,-2.08,288.6,276.5,288.6,60079
230,RIDI,239.0,-2.05,246.9,236.1,240.1,128138
231,RLFL,452.2,-1.7,468.0,451.0,468.0,25924
232,RMF1,9.6,1.8,9.75,9.4,9.61,23300
233,RMF2,9.73,0.72,9.85,9.61,9.85,7300
234,RNLI,460.4,-0.3,464.0,460.1,460.1,13891
235,RSDC,653.1,-1.27,660.0,652.0,652.1,24480
236,RSY,9.75,0.0,9.88,9.57,9.57,3009
237,RURU,664.2,0.03,674.9,660.0,663.0,13418
238,SADBL,409.5,-0.12,411.0,405.1,405.1,20980
239,SAGAR,2150.0,-2.41,2230.0,2100.0,2200.0,33154
240,SAGF,9.82,-1.8,10.0,9.81,9.81,1200
241,SAHAS,558.9,-0.64,567.0,555.0,557.8,65600
242,SAIL,1522.0,2.95,1598.0,1496.0,1507.9,145637
243,SALICO,604.0,-0.15,614.9,593.1,614.9,5211
244,SANIMA,330.0,0.0,333.0,328.1,330.0,68791
245,SANVI,907.0,-4.63,978.9,890.0,970.0,105327
246,SAPDBL,888.0,-1.33,917.0,884.0,900.0,60137
247,SARBTM,866.9,0.41,874.0,854.0,870.0,45042
248,SBCF,9.56,0.1,9.75,9.55,9.74,23338
249,SBD89,1230.0,0.0,1230.0,1230.0,1230.0,20
250,SBI,400.0,-1.72,410.0,400.0,410.0,50278
251,SBL,384.0,-0.6,388.6,378.6,386.2,213382
252,SBLD2091,1094.0,0.83,1085.0,1085.0,1085.0,1
253,SCB,633.0,0.24,634.5,631.1,631.5,28318
254,SEF,9.62,0.0,9.81,9.62,9.81,8425
255,SFCL,390.1,-0.74,400.8,390.0,400.8,16468
256,SFEF,9.75,0.0,9.75,9.56,9.56,1000
257,SFMF,10.01,-1.77,10.01,10.01,10.01,5000
258,SGHC,418.1,-2.56,429.0,410.0,420.6,60245
259,SGIC,476.0,-0.83,479.9,473.1,475.0,12184
260,SHEL,287.1,-1.0,295.8,285.2,295.8,139785
261,SHINE,403.0,-0.62,407.0,400.0,405.0,35045
262,SHINED,1117.0,-2.53,1130.0,1117.0,1124.0,220
263,SHIVM,609.0,-0.56,619.0,607.0,616.0,156312
264,SHL,497.0,0.79,513.0,493.1,493.2,38791
265,SHLB,1629.0,-0.06,1629.0,1601.0,1606.0,766
266,SHPC,535.2,0.04,541.8,533.0,537.0,119885
267,SICL,624.0,-0.16,634.09,612.5,615.0,13557
268,SIFC,620.0,-2.52,648.5,620.0,645.0,103617
269,SIGS3,10.25,-0.49,10.3,10.2,10.2,1150
270,SIKLES,612.0,-0.81,623.9,610.0,623.9,21527
271,SINDU,867.0,-2.24,912.9,845.1,880.0,125766
272,SJCL,297.0,-2.3,308.6,296.2,308.6,23860
273,SJLIC,443.0,-0.18,450.0,438.1,440.0,34965
274,SKBBL,764.4,-0.73,771.0,760.3,765.0,14053
275,SLBBL,822.0,-0.82,838.8,818.5,838.8,8756
276,SLBSL,1359.9,1.79,1359.9,1300.0,1321.0,2057
277,SLCF,9.75,1.04,9.75,9.6,9.6,11490
278,SMATA,788.1,0.25,801.5,786.0,800.0,6187
279,SMB,1917.0,2.46,1918.0,1860.0,1871.0,2349
280,SMFBS,1690.0,1.39,1690.0,1610.0,1633.6,164
281,SMH,700.0,-1.41,723.8,696.3,723.8,2485
282,SMHL,499.0,-1.77,512.9,495.0,512.9,36994
283,SMJC,497.0,0.4,502.8,491.0,492.0,25799
284,SMPDA,885.0,-0.11,889.0,880.0,885.2,3274
285,SNLI,466.0,-0.45,470.0,465.2,468.0,15320
286,SONA,433.7,-0.3,439.0,430.2,432.0,31700
287,SPC,517.0,-0.17,530.0,515.0,520.0,21348
288,SPDL,403.0,-0.25,414.0,399.0,403.0,191733
289,SPHL,579.9,0.66,596.3,572.0,577.0,17860
290,SPIL,709.0,0.42,710.0,702.5,706.0,2758
291,SPL,849.8,-0.07,863.0,834.3,834.3,2539
292,SRLI,392.8,0.1,396.0,390.1,392.4,35652
293,SSHL,189.5,-4.05,200.0,186.3,200.0,802691
294,STC,5595.0,-0.18,5640.0,5571.1,5571.1,1031
295,SWASTIK,2990.0,-0.3,3050.0,2952.0,2952.0,2726
296,SWBBL,746.9,0.26,755.0,728.0,755.0,10877
297,SWMF,680.0,0.15,681.9,668.1,671.1,6053
298,SYPNL,2128.9,4.84,2233.0,2071.3,2071.3,273987
299,TAMOR,448.0,0.18,450.0,440.0,450.0,15505
300,TPC,393.1,-2.29,414.8,391.1,394.3,210237
301,TRH,764.0,3.09,784.0,742.1,754.0,10012
302,TSHL,785.0,2.32,797.5,761.0,761.0,10341
303,TTL,990.0,-3.32,1056.0,980.0,1030.0,104983
304,TVCL,544.0,-3.37,573.0,528.1,573.0,42019
305,UAIL,459.0,-0.43,464.0,457.1,460.0,8685
306,UHEWA,557.1,-1.05,574.2,556.0,574.2,21280
307,ULBSL,3272.0,1.58,3285.4,3221.0,3280.0,559
308,ULHC,494.0,1.52,500.0,485.0,485.0,31599
309,UMHL,628.0,-2.33,643.0,620.2,643.0,158879
310,UMRH,553.0,-1.76,574.0,552.1,574.0,16550
311,UNHPL,498.0,-3.28,531.0,495.0,525.1,628491
312,UNL,47900.0,1.91,47900.0,47000.0,47000.0,11
313,UNLB,1860.0,-1.17,1870.0,1844.4,1870.0,1076
314,UPCL,373.0,0.27,381.0,370.0,372.0,151114
315,UPPER,183.4,-1.93,190.7,182.7,190.7,174094
316,USHEC,491.0,0.22,499.0,484.0,497.0,67829
317,USHL,770.0,-2.52,805.6,761.0,805.6,11370
318,USLB,1460.0,-0.68,1490.0,1445.0,1470.0,3809
319,VLBS,766.0,-0.04,780.0,765.0,779.9,3162
320,VLUCL,575.1,1.41,583.1,566.5,577.9,9496
321,WNLB,1517.0,-1.17,1540.0,1513.0,1532.0,1543
